[{"date":"2024-07-30","time":"09:00 AM","message":"Doctor appointment with Dr. Smith"},{"date":"2024-07-31","time":"02:00 PM","message":"Follow-up appointment with cardiologist"},{"date":"2024-08-01","time":"10:30 AM","message":"Blood test at the lab"},{"date":"2024-08-05","time":"06:30 AM","message":"Daily physical therapy"},{"date":"2024-08-16","time":"12:30 PM","message":"Update your address in your profile"},{"date":"2024-08-24","time":"07:30 AM","message":"Complete first time patient forms"},{"date":"2024-08-20","time":"10:00","message":"Appointment with Dr. John Doe"},{"date":"2024-08-20","time":"10:00","message":"Appointment with Dr. John Doe"},{"date":"2024-08-20","time":"11:00","message":"Appointment with Dr. Jane Smith"},{"date":"2024-08-20","time":"11:00","message":"Appointment with Dr. Michael Johnson"}]